{"cameraMode":{"drawMode":0,"name":"Shaded","section":"Shading Mode"},"sceneLighting":true,"audioPlay":false,"sceneViewState":{"showFog":true,"showMaterialUpdate":false,"showSkybox":true,"showFlares":true,"showImageEffects":true,"showParticleSystems":true},"in2DMode":false,"pivot":{"x":5.510072708129883,"y":4.145008087158203,"z":5.489635467529297},"rotation":{"x":-0.08937717974185944,"y":0.8956285119056702,"z":-0.20952562987804414,"w":-0.3820475935935974},"size":7.451364517211914,"orthographic":false}