{"cameraMode":{"drawMode":0,"name":"Shaded","section":"Shading Mode"},"sceneLighting":false,"audioPlay":false,"sceneViewState":{"showFog":true,"showMaterialUpdate":false,"showSkybox":false,"showFlares":true,"showImageEffects":true,"showParticleSystems":true},"in2DMode":false,"pivot":{"x":0.8556739687919617,"y":0.30127957463264468,"z":0.5580082535743713},"rotation":{"x":0.1690891832113266,"y":0.4934132993221283,"z":-0.09824970364570618,"w":0.8476296067237854},"size":5.045882701873779,"orthographic":false}