{"cameraMode":{"drawMode":0,"name":"Shaded","section":"Shading Mode"},"sceneLighting":false,"audioPlay":false,"sceneViewState":{"showFog":true,"showMaterialUpdate":false,"showSkybox":false,"showFlares":true,"showImageEffects":true,"showParticleSystems":true},"in2DMode":false,"pivot":{"x":-54.470314025878909,"y":1.1826493740081788,"z":33.76637649536133},"rotation":{"x":-0.2093995064496994,"y":-0.6917925477027893,"z":0.220972940325737,"w":-0.6549191474914551},"size":1.954263687133789,"orthographic":false}