{"cameraMode":{"drawMode":0,"name":"Shaded","section":"Shading Mode"},"sceneLighting":false,"audioPlay":false,"sceneViewState":{"showFog":true,"showMaterialUpdate":false,"showSkybox":false,"showFlares":true,"showImageEffects":true,"showParticleSystems":true},"in2DMode":false,"pivot":{"x":0.2426348626613617,"y":-0.1994822919368744,"z":-0.7811901569366455},"rotation":{"x":-0.014321607537567616,"y":-0.9857376217842102,"z":0.12816496193408967,"w":-0.10892011225223541},"size":1.718129277229309,"orthographic":false}