{"cameraMode":{"drawMode":0,"name":"Shaded","section":"Shading Mode"},"sceneLighting":false,"audioPlay":false,"sceneViewState":{"showFog":true,"showMaterialUpdate":false,"showSkybox":false,"showFlares":true,"showImageEffects":true,"showParticleSystems":true},"in2DMode":false,"pivot":{"x":-54.810001373291019,"y":0.996999979019165,"z":34.10418701171875},"rotation":{"x":-0.12110135704278946,"y":-0.7945379614830017,"z":0.1682681143283844,"w":-0.5708781480789185},"size":3.754263401031494,"orthographic":false}