{"cameraMode":{"drawMode":0,"name":"Shaded","section":"Shading Mode"},"sceneLighting":false,"audioPlay":false,"sceneViewState":{"showFog":true,"showMaterialUpdate":false,"showSkybox":false,"showFlares":true,"showImageEffects":true,"showParticleSystems":true},"in2DMode":false,"pivot":{"x":-3.6883890628814699,"y":-2.9295244216918947,"z":-1.44070303440094},"rotation":{"x":0.17117856442928315,"y":-0.8013429045677185,"z":0.27217182517051699,"w":0.5046232342720032},"size":17.953954696655275,"orthographic":false}