{"cameraMode":{"drawMode":0,"name":"Shaded","section":"Shading Mode"},"sceneLighting":false,"audioPlay":false,"sceneViewState":{"showFog":true,"showMaterialUpdate":false,"showSkybox":false,"showFlares":true,"showImageEffects":true,"showParticleSystems":true},"in2DMode":false,"pivot":{"x":2.804882049560547,"y":4.32705020904541,"z":-2.4574363231658937},"rotation":{"x":-0.0006941000465303659,"y":-0.9984791874885559,"z":0.01287829875946045,"w":-0.05367326736450195},"size":19.101476669311525,"orthographic":false}