{"cameraMode":{"drawMode":0,"name":"Shaded","section":"Shading Mode"},"sceneLighting":false,"audioPlay":false,"sceneViewState":{"showFog":true,"showMaterialUpdate":false,"showSkybox":false,"showFlares":true,"showImageEffects":true,"showParticleSystems":true},"in2DMode":false,"pivot":{"x":3.7889132499694826,"y":-3.3086578845977785,"z":0.47913146018981936},"rotation":{"x":0.2766404151916504,"y":0.6023916006088257,"z":-0.23410837352275849,"w":0.7113105654716492},"size":11.431534767150879,"orthographic":false}