{"cameraMode":{"drawMode":0,"name":"Shaded","section":"Shading Mode"},"sceneLighting":false,"audioPlay":false,"sceneViewState":{"showFog":true,"showMaterialUpdate":false,"showSkybox":false,"showFlares":true,"showImageEffects":true,"showParticleSystems":true},"in2DMode":false,"pivot":{"x":23.177093505859376,"y":7.4213128089904789,"z":26.889453887939454},"rotation":{"x":-0.10577189922332764,"y":-0.33970198035240176,"z":0.03854415938258171,"w":-0.9338144063949585},"size":47.45989227294922,"orthographic":false}