{"cameraMode":{"drawMode":0,"name":"Shaded","section":"Shading Mode"},"sceneLighting":true,"audioPlay":false,"sceneViewState":{"showFog":true,"showMaterialUpdate":false,"showSkybox":false,"showFlares":true,"showImageEffects":true,"showParticleSystems":true},"in2DMode":false,"pivot":{"x":21.689674377441408,"y":-4.634541034698486,"z":10.290942192077637},"rotation":{"x":-0.087680883705616,"y":-0.5096732974052429,"z":0.05238194018602371,"w":-0.8543300628662109},"size":40.010372161865237,"orthographic":false}