{"cameraMode":{"drawMode":0,"name":"Shaded","section":"Shading Mode"},"sceneLighting":false,"audioPlay":false,"sceneViewState":{"showFog":true,"showMaterialUpdate":false,"showSkybox":false,"showFlares":true,"showImageEffects":true,"showParticleSystems":true},"in2DMode":false,"pivot":{"x":-4.740890026092529,"y":-3.9952571392059328,"z":6.400815963745117},"rotation":{"x":-0.24054233729839326,"y":0.3163928687572479,"z":-0.0833701640367508,"w":-0.9138875007629395},"size":14.438454627990723,"orthographic":false}