{"cameraMode":{"drawMode":0,"name":"Shaded","section":"Shading Mode"},"sceneLighting":false,"audioPlay":false,"sceneViewState":{"showFog":true,"showMaterialUpdate":false,"showSkybox":false,"showFlares":true,"showImageEffects":true,"showParticleSystems":true},"in2DMode":false,"pivot":{"x":-37.38298797607422,"y":1.5377931594848633,"z":-16.303306579589845},"rotation":{"x":-0.05198700353503227,"y":-0.9350342154502869,"z":0.15457779169082642,"w":-0.31495586037635805},"size":4.612829685211182,"orthographic":false}