{"cameraMode":{"drawMode":0,"name":"Shaded","section":"Shading Mode"},"sceneLighting":false,"audioPlay":false,"sceneViewState":{"showFog":true,"showMaterialUpdate":false,"showSkybox":false,"showFlares":true,"showImageEffects":true,"showParticleSystems":true},"in2DMode":false,"pivot":{"x":-0.23091481626033784,"y":0.3498745858669281,"z":-0.15346655249595643},"rotation":{"x":0.263518750667572,"y":0.6104569435119629,"z":-0.22572068870067597,"w":0.7121275663375855},"size":6.278775215148926,"orthographic":false}