{"cameraMode":{"drawMode":0,"name":"Shaded","section":"Shading Mode"},"sceneLighting":false,"audioPlay":false,"sceneViewState":{"showFog":true,"showMaterialUpdate":false,"showSkybox":false,"showFlares":true,"showImageEffects":true,"showParticleSystems":true},"in2DMode":false,"pivot":{"x":0.10324820131063461,"y":-0.07783197611570358,"z":-0.14562372863292695},"rotation":{"x":0.001691046403720975,"y":-0.9415453672409058,"z":0.33710357546806338,"w":0.005162343382835388},"size":1.0813268423080445,"orthographic":false}