{"cameraMode":{"drawMode":0,"name":"Shaded","section":"Shading Mode"},"sceneLighting":true,"audioPlay":false,"sceneViewState":{"showFog":true,"showMaterialUpdate":false,"showSkybox":true,"showFlares":true,"showImageEffects":true,"showParticleSystems":true},"in2DMode":false,"pivot":{"x":-370.6918640136719,"y":-147.85015869140626,"z":562.8721313476563},"rotation":{"x":-0.10919591039419174,"y":0.36959022283554079,"z":-0.043748531490564349,"w":-0.9217821955680847},"size":741.1903076171875,"orthographic":false}