{"cameraMode":{"drawMode":0,"name":"Shaded","section":"Shading Mode"},"sceneLighting":true,"audioPlay":false,"sceneViewState":{"showFog":true,"showMaterialUpdate":false,"showSkybox":true,"showFlares":true,"showImageEffects":true,"showParticleSystems":true},"in2DMode":false,"pivot":{"x":-78.34788513183594,"y":29.830358505249025,"z":2.0657458305358888},"rotation":{"x":-0.199501171708107,"y":-0.5439292192459106,"z":0.13507264852523805,"w":-0.8038464784622192},"size":3.5234358310699465,"orthographic":false}