{"cameraMode":{"drawMode":0,"name":"Shaded","section":"Shading Mode"},"sceneLighting":false,"audioPlay":false,"sceneViewState":{"showFog":true,"showMaterialUpdate":false,"showSkybox":false,"showFlares":true,"showImageEffects":true,"showParticleSystems":true},"in2DMode":false,"pivot":{"x":1.2554056644439698,"y":1.3410948514938355,"z":0.3596133887767792},"rotation":{"x":0.029861046001315118,"y":-0.7387469410896301,"z":0.032841503620147708,"w":0.6726067662239075},"size":1.9507131576538087,"orthographic":false}